docid,predicted_class
wfqwne,student
wwisnmd,other
xlhpgzu,other
yghie,student
omvawb,other
ryxpilnj,other
plwcqfga,other
mqfmt,other
pzaevn,student
mmtvoq,student
xbccwj,faculty
avemi,student
browzov,course
lbokfzil,other
pkbni,student
emjhblgl,other
sndtbf,other
qvkigj,other
xuime,project
sbzkac,other
yxzgihv,other
fvuyfjv,faculty
kqohtbk,other
vqshies,faculty
xdyech,other
uiidp,student
lkhsef,faculty
jsybmuwh,student
izktf,other
sxghcaoe,other
tfghbb,other
mgvpscd,other
jyeyszb,student
fhalcyxq,other
xgtpxl,student
byyxifzz,student
skcbez,faculty
yajcfiu,faculty
pyywwcr,course
tomluz,other
faprw,other
ihrpmc,course
ucomfn,other
gkhact,student
aaclkul,student
qgzfwk,other
gbzlhhl,course
jdjamsls,student
ysfrk,student
rfiabezw,faculty
livhw,course
xmmhnp,student
jtahlq,other
jymnj,course
axgkxmj,other
xicjxs,course
bxxlthi,faculty
wkqvj,course
mrqhsday,other
vszfsxc,other
meqmm,other
rntfgee,other
epuimb,student
otbmgnv,other
nnccrkk,student
bgxblaq,student
tbztbzu,student
wcjpbf,project
doihof,other
qxxqr,project
ncnaj,student
vrnec,student
tjvzkyq,staff
lfuutmdo,student
altuxox,staff
plbcxaf,course
apakwv,department
qcaet,other
sxdmgx,student
quatg,course
ddurpci,faculty
yloilxu,student
fmahjld,other
iqbqv,other
lfukf,other
rjkqlkz,course
hchoacu,faculty
ikgbbfg,other
ubpfdjg,other
eyjdhqq,other
jnvplm,student
kydoocvs,course
odgedcwl,department
zgrzpiay,other
scfijbu,other
cfwzqt,other
bwvavr,faculty
ibxwya,student
jwkygjy,faculty
fqkyhcel,other
wiozj,course
etibjjjs,student
alrywqkr,project
rosxu,student
bovyrx,student
eshbrq,other
isxcfiva,student
suqfqzt,project
zgrtpsri,faculty
cjnxondy,other
feeuawp,course
bmmzflr,other
fxqhlu,course
augeudkf,other
lcuod,other
xxnbrcs,student
qtfpnpr,student
smqsgj,other
hurpsrje,faculty
hmavwgj,student
jdnph,staff
saqelsg,other
wozzc,other
fkvuit,other
wqrxuql,other
caecfi,other
kvtlipjh,course
oehiy,faculty
gxabdahe,department
qnsjufb,other
sdyiaw,student
kuecr,other
mfdsqlg,student
qjjlm,other
rixsxfif,faculty
wrwst,other
aqsrcsy,department
cqyvoud,other
eicifodp,course
kzvrrq,other
cifyk,student
ybcvkiqf,other
mlylezz,other
bhuwf,other
ewnonvxy,other
udghn,other
emtufqje,course
oouybbn,student
vpxuxe,student
altxhm,other
rayfcgh,faculty
lmobyly,department
ktmvcnv,student
uuouaarr,project
jtcqmpo,project
eporowdg,other
snwpmu,other
lalle,project
apkhal,student
lhecwea,other
uohan,course
cqqqjx,staff
swyppqy,course
unokivxy,student
ltwcnxe,other
bhzijblm,other
pjxvuupt,course
kfbgivtc,other
jqeqv,other
jqbbor,faculty
twqjlu,course
fpwuad,other
mvxmadyv,other
pohzzvig,other
jdwxv,other
eysee,other
hpzoxitc,project
qruaqyip,other
qhfvar,student
excvdwzh,course
xmvvel,other
ukgoagzq,other
whgcvmc,other
eihif,other
mcfjym,project
kjjbbt,other
eksgz,other
urmpyj,course
hhdrss,other
cdruyo,student
xelszv,other
zlshvea,other
vmaagp,course
iwsxp,other
xehokcn,course
loflw,course
qjimegkq,staff
cwlxvwh,course
eplubxxs,other
faqoft,other
gwtwpgzd,course
yrjhu,student
ycvkbx,department
coomnevj,student
hpsaouip,other
uneyzw,course
jlrqqriz,other
qfxbal,staff
maktwrg,course
aceolgzx,other
flectkq,other
czvftspe,other
itlkmcny,other
kesfngwd,faculty
nrkvfmyh,other
ypmwe,other
eisomf,other
qobxesvq,other
rtdgpvlc,faculty
vvtckzz,student
vkyun,student
jmbmykpe,other
iitwjneu,faculty
ttjwn,faculty
audtaxh,other
pcjsleru,project
pinguqo,faculty
tqelvzrz,department
zfmgxz,other
htqac,student
wbxnhayf,other
gtdctoah,other
yhcpzrfo,project
fygug,project
yimpq,other
aiqltd,faculty
xbazlov,student
silpo,course
nbvsh,student
zibqmi,other
bvtwusw,project
feavav,other
mdfbugu,student
pejbfu,other
szeuxgw,faculty
usodu,other
beoyl,other
awioiejc,faculty
sffqp,other
fdxcbwrj,student
jjomjmu,other
qexjy,project
clpyjrid,other
secpx,student
aspksukx,faculty
bttjq,other
utste,other
fgnuh,department
ogkbg,other
ryqcne,other
egjrrq,student
kqqjul,other
qjpdfr,other
swgied,faculty
xvcldiw,other
knvdg,project
wisos,other
kwmbjag,other
alfaog,course
bvvko,course
uonjb,course
ffczrnz,student
fzgowhq,other
xiwqo,student
gtbdebp,course
idjfvfvk,course
jptfm,other
cnhjk,project
xisjhb,student
wzime,other
ttain,other
macgmms,other
nsigmjh,other
wlujat,other
yawspc,faculty
gbmsh,student
bnbsv,student
winew,other
iirmwgfq,project
mtzuqdqc,student
hfdchvs,other
ixfqx,project
lyjtcwqm,other
rlyhuzi,other
otajs,other
ticyp,student
zobjoz,student
ygjolah,course
bgnisk,student
rdovq,other
kcjaz,other
tmucvdi,student
iloxxj,course
nfixgpu,faculty
tooal,other
qqvkpysh,other
aishkqu,other
eytliaib,student
hkdkgy,course
ziuzwl,project
utcniycx,student
opxnfsb,faculty
sluybuce,course
nummeoic,student
zybimtt,other
jxqpwlw,staff
rdnmnzrc,other
acbplmv,other
nutlkn,student
xmuzdze,other
pmmpv,course
wponbx,other
wbiyyafc,faculty
pfwwd,faculty
gdxmso,student
mdqybvdc,other
uktep,course
cbdxh,student
rfnxfuk,project
gciirlh,other
pizzvke,other
jubzucis,other
pbawnp,project
iztxnf,other
eechlt,other
vpzsxsde,course
juwhwbv,project
yiohudke,other
sqhos,other
ejygdjl,other
vivfatjo,other
evegw,faculty
xlmkr,student
fczhavit,course
axphpch,other
kgtrkmsz,faculty
lndjiibk,faculty
phidq,course
erxspdd,other
jieeefx,faculty
arzeerl,student
zoukpqm,student
rbsvykbl,other
qrvoln,other
msvrcfr,course
vrpbzut,other
ticjdcr,faculty
uzmbjytx,student
zfmpy,other
zudeebif,other
vnibwn,other
vgkqf,student
eygbw,faculty
yxmkc,faculty
tvcksd,other
eyvafkd,student
orjro,other
aspnkeit,other
myipwh,other
jvhhaxpn,course
mvzdvi,other
oxaepx,other
vvvty,other
ynozhbm,course
upzow,student
sdwkztnc,project
uapyjabq,student
jfqpd,student
urwojpfi,other
cehogf,faculty
aktnyrw,student
laazymrn,student
rowjm,project
arwvjftm,student
gnothl,other
qraso,student
xiyialqk,other
dbtooseb,other
qhjnp,course
mgaymm,other
wkbpmmx,staff
ajjwszik,faculty
sliutrq,other
nkxxa,student
kskwfq,course
urgmrkp,other
ksbke,course
vceoh,other
iqeigph,other
tssjsw,student
fsjvm,other
qzajgt,other
trwuo,faculty
ujnnvh,student
ksuan,other
wcgqxff,project
kltqcs,course
tspdree,project
nksrwz,course
ngiwn,course
wfdvqju,other
jfwjlbtk,other
nlxxo,student
xtnlnc,course
njcit,student
appjcc,other
fhwlo,student
zjggyij,other
vteob,other
yhwmjuo,other
sttad,other
xfaiss,course
qfzzfcr,course
qxdrhk,student
niizdbw,student
ldwvc,course
imdrjq,course
hoqua,other
rymqfqdn,other
nttawca,faculty
cqtek,course
bpblgwar,course
pbgmp,student
tmvwxf,other
gzzdke,other
waktj,department
rujnpfdv,student
pkxxb,student
wlgmcu,faculty
lquduym,other
vpiwso,other
oyvbwwkp,faculty
yjmwkn,other
rqocwhxu,other
gieoqvia,course
rlnxbkvn,other
zypnixf,project
bqfbagmb,other
vwpazsc,other
lawhfzt,student
jsyjyssc,course
lptrnbd,student
wwqvvjs,department
vptlgja,other
xhokpp,student
fcwjgf,other
gtgxgzcn,staff
opklki,project
pdmpmk,other
bjwiuevz,other
fvcnksd,project
olbqqcm,project
vsvgi,project
czwglks,other
muncc,student
rteuy,staff
wuuosaed,student
stfmt,other
lxmezm,student
rcxfcogj,faculty
xfyqrgf,student
ulmioz,department
higwe,other
jbarxv,faculty
ttlztms,course
jfpfze,faculty
pjnwjfgw,student
unxkz,student
xlgkek,project
ccbje,other
oyfvhply,department
mbyfebju,faculty
lgzaacv,other
rnhzudzg,student
bqbvlmis,other
qxltpmh,faculty
mfryd,student
qraxhjys,faculty
nlzggd,other
hskgpx,student
wkabbe,student
ojwsr,faculty
vgyes,other
rdhezzsl,student
jlecz,project
udjcy,other
amowrsh,other
unmwiet,other
nmhpr,staff
esxrrht,student
wezofmdj,other
wvmbv,other
uecth,student
gfvefxbu,course
qtwwz,student
werhnlmo,other
uypqg,faculty
kdscbeoa,other
rlnave,other
gjuhqzdv,other
ncnwm,other
xhekwdq,course
pgtdgqa,project
jnlam,student
djqfg,faculty
gfwdbf,other
vbpiud,faculty
ypksxut,project
pzfsl,project
khtaydx,faculty
qtishmb,faculty
zvrysckq,student
rszjd,other
uudvxh,other
gaqepyeo,student
grddrzm,other
krjly,other
iyfsi,other
lknwvokt,student
aixqtudn,other
szlmwq,other
xnwfz,student
srylfnmn,other
tvkyfq,student
whchrj,student
iawcg,other
ekauzlfp,student
pzidtqlv,other
simnaiid,other
rqabbch,course
caaelf,student
pnurvmuj,other
zfehbu,other
ughlzdd,other
zqaau,department
uphoqmv,other
tidvz,other
fajpkgj,student
jrkacjdp,course
rkokgno,other
fcpcxixw,department
upvdcil,staff
owlrody,student
fizgc,other
augwaud,other
qcaljay,faculty
mudeyg,other
xuoppkn,other
bdcydd,student
vcghxedd,other
ueaelqhp,other
lbiaen,project
qmbrbf,other
itozobft,other
yujiusv,faculty
kobkw,student
gnrotudd,other
bqcuk,project
bofjb,other
vucvfbo,project
nimbgu,other
hquvdf,faculty
wagnh,course
irhvprt,student
tzabfv,other
lpqqysth,faculty
uefdjout,faculty
vmeusmjs,other
rrgpppop,faculty
uihixqum,other
tfggglf,other
cgjuowc,faculty
kvxrm,course
syxty,other
muuzsqc,other
dhtdvz,other
zxcehieq,other
apcgc,faculty
uuyzux,course
karbsg,student
srjxwuc,course
kzgrf,other
weyaq,other
xfmweyy,other
yapkjnvk,other
qzmjh,faculty
nwjkcjbp,other
pcniublf,faculty
xpolx,course
blobw,course
jswcx,course
srfft,course
yadbhst,student
ovzunke,other
wqnpthh,department
rvgdymog,other
bxwnlyu,other
jwfzxxg,other
ztmcj,project
eenhsx,other
bjjitsgt,course
zcwlvejw,course
deqwxxpt,other
rlspsv,other
vgflj,other
kjsyzoav,faculty
rwmiz,student
ffrkhfcp,other
rhrilmb,department
paorb,student
uerqckoj,student
prlhb,course
ywrzvbyr,student
rxnjvgzd,student
vvpwfqpw,course
wxbhjnn,other
moksh,other
zonegssw,course
vxydxvhn,faculty
pomrzubt,other
xmrhqtqb,student
goxgfr,student
pcfxm,other
sqbpijj,other
unmkyxtt,other
haifof,student
brzpgboe,other
zcprw,student
zxexuw,faculty
ksglvhbn,faculty
yfygyu,faculty
ckemt,student
ocpni,course
tcpjsr,other
ofkcidqa,student
wsmcxjb,faculty
vydaya,student
wjdnmh,other
caeck,student
bwjjh,student
jzjei,other
tzzky,other
irhvgjs,other
jryqezxd,student
irrdkkbn,other
pdqqm,other
ynikxrtr,project
aeohgccl,student
dvtry,faculty
oyknedm,other
jzoyf,department
szzsbzp,other
digdken,other
bgudhc,other
kuwjxt,other
rcdphl,other
ymako,course
sqwjskg,other
mpejiarb,faculty
ytvco,student
iyemmjpt,faculty
gevdzsvt,other
ltxmyss,other
znnex,other
obkxqf,faculty
ypxfdn,staff
vryhvzg,student
lomurthi,other
dfzdiiy,faculty
tkkhe,student
dsnfmpl,department
flgtpxn,faculty
vvnujx,project
ttqpaslw,course
thxcjaib,other
gtxqws,course
vtgaqhef,student
xefhoj,student
bhptsyjz,student
cvxtmt,project
zabhnt,other
ylwraohb,student
okiin,student
cnlce,faculty
plrzpl,faculty
llsokyh,student
dhrezf,student
tzloz,project
kypnmal,other
syzkp,project
uazvhld,other
ypwwzekj,course
inlsldab,course
lsfqtx,project
ztoydtcl,staff
dcbnebw,faculty
jklzmg,other
sxfkrscz,course
jpxvffy,other
nfdrma,course
mmuuo,course
gzcicjd,faculty
dupih,other
ufsug,course
gyldrugw,faculty
cfsvmoen,other
urauv,other
utvxb,student
jctytnm,faculty
tryacy,course
xtlfyrqe,other
ghxnl,student
rusorxq,other
purnf,department
qtdrqcai,other
dqhfisnj,course
uwnkyw,department
kgmxep,other
nkury,course
mhxvauhj,student
lexfksko,student
asmucefp,other
ayteap,faculty
smydraa,faculty
szvzt,other
zcywupd,project
htbdkait,other
redifgfj,student
vukas,other
jxbmfg,other
nzoti,faculty
tznjyo,other
jxpqg,student
jhptp,other
fudhjb,other
dfvnobj,student
kvals,other
rjhmytnw,other
zwcgsbo,student
xehjwfv,other
ddwoml,other
zodhxn,other
tnfeezvd,project
lnstrg,project
sfnmxx,course
ifttvly,other
qwhqbqtr,other
ecpfwumt,course
gnzbtght,other
aplafmip,student
mxcxhcl,other
olyhatok,student
estbkk,course
mvlaq,student
oyuuo,other
izhzil,faculty
ythxhd,faculty
hgmehmo,other
oecphzmr,course
swsuue,faculty
uxhlojgi,student
tibssnu,other
qetmh,faculty
samhkjzj,project
hszvzt,other
hyutx,staff
ioxoxekd,other
tbhhyctl,other
pdmah,faculty
ptfmkkg,other
oaabx,other
hbobpex,other
hmidet,student
khcaied,project
vyiacx,other
aykqf,other
fmjcrj,other
xyufofwi,other
bhjnxfeq,student
ucqabpbo,other
txnig,student
txyyqtyg,department
setevnrs,course
oatzro,department
czkze,faculty
lnezhnb,department
udfqv,student
ilktf,student
vbvejg,other
zemgq,student
rxzeli,course
xegyoao,student
clkaoj,course
xpajbs,other
uehan,other
reukyfwa,student
woamr,course
qiswj,other
rjqcds,faculty
ootxjgh,other
rbylaaw,student
ogtvbzty,other
mziqqxrl,student
wdmhyym,course
bfiznf,other
fzuwzk,student
nhumd,other
aunqt,course
ampuskyi,project
smjotpto,course
lkyjhgjr,other
ryvjcfnj,course
nqnor,other
charmfhj,faculty
ondlxia,department
gqgtsy,other
pdwmhrga,course
wzkfopvp,student
jspgm,other
fnsurvey,course
jqbuixz,student
nrqtkx,student
qvgvh,project
reraeopq,other
jcalgzyq,staff
azndzp,department
qjaaazpc,other
qnoufgn,student
xhfqxyg,other
fqnaj,student
ckhzgl,project
uaalnyoj,course
smffe,other
gkvqoukw,project
efkum,other
zpeuuxw,student
rngiu,other
jmiqllv,other
anpusdof,course
tsceov,student
fbzij,other
kiqge,faculty
iplufn,other
tgiyn,course
akbfdvs,student
epftt,other
amvukjdd,other
unbawwp,staff
klpyg,other
wrwgeb,other
rseuer,staff
sokrdvej,student
wvxmnt,other
vsscij,faculty
qkqvjt,faculty
jzoegbn,student
lawengc,course
ffcrqo,course
xbodwpf,other
zlsqsds,student
ybmlhz,student
jjdohqq,course
aljsfwq,student
ekwtr,project
lynsj,faculty
tpedb,other
wzbpymob,faculty
xigmw,faculty
smqmlfgn,student
huovxti,project
ijoyru,other
gtdarzt,other
oxvcgj,other
ortvnlou,other
kbsxru,course
irjhn,other
pspktcof,student
wtvjwt,student
rhsep,faculty
ddlpfjed,student
bjzfnftw,project
ovfkp,student
mtsglnze,student
bodmvxdf,student
cxjmjdh,faculty
kulinjxp,other
ponpbpet,faculty
ypudwfvf,other
lzqquih,project
oceonvf,other
lvaetsrg,course
tzznkxf,other
cifmtm,faculty
eezqfeb,faculty
gwojb,faculty
lcnosc,student
plcks,faculty
sphiqtdr,other
amzuns,other
gkdnf,other
roisjft,project
yfowe,other
hnweal,other
zsylru,other
rmwiu,course
ihsbfi,project
vjejypo,other
wxpmg,faculty
muxhh,faculty
mfowj,other
psenoob,project
fugmzdml,other
yucra,other
ybbbche,other
lbbfjhf,student
qqfdj,faculty
ouyuwu,course
takejb,other
lxzsc,other
qfyyq,student
apmwy,other
ympfium,other
fuvxncl,other
boarhn,other
syphpwi,other
jdnrfqx,faculty
smismv,course
zxwkru,other
gtjdqq,student
povhh,student
mpgisgc,course
oumtq,other
vukoi,project
mmlrd,faculty
ytpju,faculty
oneaef,faculty
uncjwyyp,student
bvabh,other
jqfuqu,other
psvlaxwd,project
oovhs,student
rkatx,student
jvnyyk,other
ajgfhfc,other
wzzsat,student
quptkflk,project
gdpex,faculty
kztyatd,other
hafjoyi,other
rvjpodb,other
zsbkhic,other
yzqamu,faculty
yolbla,other
cotsv,other
kgaxenm,student
immpx,other
yjmvoa,other
wvhluq,student
djrcms,other
ofewooh,other
skjbikqn,student
sbzthj,other
sphpwnwi,department
huumx,student
clsxoodd,faculty
yjdwr,other
rwrko,course
sulavwtn,other
gbumd,student
dqxgzzq,student
zkwhp,student
hyakvwkw,other
aangjmn,other
aawnpc,other
xkpxrf,student
weuyrc,other
fvgngpl,student
xekcw,other
pieuuqju,faculty
snkofs,student
hgjwxb,student
tciwtsu,student
kejiyfi,other
urhjkm,faculty
zgwwfvlq,student
sijitbd,faculty
mqncr,faculty
duewkd,course
mwejx,other
ldwnvwx,other
ejdmt,other
caogdi,course
iwron,faculty
pmtwul,course
wmzuqp,other
srtmzx,other
gotjzb,other
imltuesr,other
teyskot,other
lzqgc,faculty
zkivua,project
uaupqkjg,course
nuurfy,student
nugwhj,course
jyffkgyk,other
fekdcta,project
iprfwqc,faculty
abeith,other
hhabfel,faculty
asjtpgrs,faculty
heaeeg,faculty
cxdpjw,student
qvxwlws,other
ffqtge,student
juwmtndc,other
rmdyewrl,other
qrbuxab,student
vofqtp,student
pgtrzghe,student
lsmbvcgc,other
abdjgiz,student
owscy,project
hmrwjp,other
xggyx,project
esjxb,faculty
wpwkd,course
uftkkja,other
hlsypm,other
tbcbekmq,other
ljylnd,course
pbkzt,student
vtpjku,faculty
ioabqtxs,other
iklphm,other
uicnn,other
kcldhpcj,other
fksba,other
nizpnfpt,student
wxbhke,other
tbkoiw,other
nfntx,other
qxyitrll,other
vukvkftf,project
vofxu,student
eanugl,other
oruixd,other
lafkhdc,course
yvdelq,other
lqomt,department
wxsty,student
wnkmdk,other
hfpivpuu,student
dykbpos,other
metwifo,other
yoqrlnzf,project
wroia,faculty
iavwjn,student
uupkms,other
wozlcqqe,course
fmmiki,other
mnjwv,course
mzguliw,faculty
rieafyrm,course
ugyrbjsh,other
mfkaijyg,other
cftid,other
urjbt,student
wsrchup,other
fxabo,other
lgztt,faculty
psrjytzy,other
vwdpdg,faculty
aizdnscx,other
lpzykg,other
xvlikyt,faculty
upzieony,course
itmbdhy,student
psvry,other
hovra,student
skzzyz,other
kubbcel,faculty
wdyitfx,student
nwsqesmo,other
wpzfjnwb,other
bilwr,other
fndgjmzm,other
lohsn,course
usnst,faculty
jffly,other
qkhtsm,other
hbregcw,student
brhotofi,faculty
epxzvm,faculty
zdepjjwh,project
hxkeks,other
pvyjdfvh,course
uhbbh,other
tkqvsduv,faculty
gkqtn,course
devpg,course
phiccyjo,other
owvpwso,other
ddsnlb,faculty
rkmxdpsz,student
xyqyyd,faculty
awlal,student
lnjznbyx,other
wqftug,department
sikxp,other
uymslh,other
jxjpziw,other
aiiuj,course
heiozqq,other
ewsktq,other
gnaju,other
gedcirqa,other
yvxpvlc,student
qqxkdezo,student
lzooyy,faculty
zqaipj,other
lxhpien,course
biaio,student
xwdvabs,faculty
wayudf,department
ygrgy,course
rjbqqdw,faculty
ziuunycb,other
dwsrmkmd,course
hcxyp,course
ktjhyivf,project
twfqhbrg,faculty
qajnzy,student
sgrcqh,other
vkpfv,project
kxwsy,student
phdommor,faculty
bpjzrlxy,student
uvdoelf,other
bvkkhgyo,faculty
nvyekh,department
bcsrsbug,staff
qetpato,other
vejoina,other
vmtkvyq,student
livtdd,other
zndgv,faculty
fwzhcxrx,other
geiruvj,faculty
qbhrsv,student
rqdpssq,student
aqhzllis,faculty
ygqsjtxz,student
xnrqsl,student
ljqcj,other
aslkxlcr,other
ylvqmlp,course
ybppz,faculty
zkrcw,faculty
iasqknq,student
ooipyor,student
xvesdne,student
lwzgs,other
bbgkx,other
veacz,course
eyaswbjz,student
pmneprn,other
afdtazl,other
bhlwohi,student
hhsnp,other
qripfz,faculty
hvstwh,other
xxyuea,student
onxtxl,other
ydkxsvar,project
rpidkd,faculty
pfuoqee,faculty
wjflwg,other
bzthieu,department
jfiubhz,faculty
rdqpjqlx,project
sivqknlq,project
umfmofv,student
shlql,student
heatdq,student
hqrwpbt,other
cddmp,other
gduwb,student
qzpupxt,other
zhncldpt,faculty
xjtobrx,other
wcwtzpny,project
mgqqsxli,course
vpasle,other
dgppgjr,other
jgzrtkhc,other
ixoubp,other
iwywhmi,faculty
eapzf,other
bumcmpt,student
gdgvwifk,other
pznqy,other
krdwlm,project
btrlegkg,other
espxbh,other
qdhikrl,faculty
bsjsuzw,project
hhdjgk,faculty
debuzvc,other
iyykc,course
cfcynn,faculty
mgapfvg,other
klysfu,student
pottb,course
swccy,project
iszou,student
xjlsnsah,other
igfttdjo,project
hmdjklt,other
rsfebueu,faculty
tyflylsk,student
hwxdzumg,course
cioumfyi,course
zsakwfvj,project
tpdcgxy,other
sxzju,faculty
nvmngy,other
tqperqh,other
yjrtz,student
xwgndfxh,project
tqftv,student
gyutr,other
uhakc,faculty
vbefiwn,other
titkmd,other
fbcvban,student
amwcmt,student
tibnwoka,project
ciuipt,other
lvqkyij,other
vetejigi,student
apnbs,faculty
hpweca,other
fjxpjfez,student
dclyjjg,other
kxbknr,faculty
tjxmtdv,course
ewlew,faculty
kjfoazza,student
qxuwjkk,student
ppewcgla,student
kxkilvn,other
ydbfhql,course
bzbyv,other
viduze,student
bslps,department
duevfegy,other
syryuiq,course
jzifdoy,student
gowqht,course
chwusgl,staff
qapnjtpf,department
pxcwhekn,course
hltxkki,other
ruxgzeax,course
ztrfkwki,other
fimnwyjw,student
ddgreszb,student
rtdhifk,course
zilams,course
vgghodxn,department
pyepcme,other
odngwf,other
gzomtedw,other
yzpjgv,faculty
eudatvy,other
prhhoulq,student
jrpbytj,project
elbnnrs,other
uuvni,other
gjpcxt,other
yjtubjn,student
gfyrwma,other
ohvniioj,faculty
xtjou,student
vbyxl,project
kyughy,other
jmcmoudq,student
shvuuls,student
iuxtwgjz,student
vwuwqyt,student
tzkasqnn,student
hczmwigz,other
pjnrhtd,department
qfphl,department
smhwljcv,other
crusceee,other
clcydbp,student
ymkwkcd,other
vqcvew,other
eeqnxdb,other
lobyn,course
hngmr,other
yftemp,project
lwvwd,other
iivlvl,student
begqls,project
okpobjnf,staff
rcyogl,course
pqowg,other
zrnggdny,project
yqium,faculty
brmtqcj,other
nwqios,student
uoqfwcge,faculty
oktyq,other
dmdjwh,student
shabqkpo,faculty
duztbzxs,other
ldwcriio,other
uraxyoec,student
bsjgc,other
pisti,student
shgrrxm,faculty
plddbm,other
jcmkz,other
wvjzvyvw,project
bghlh,other
kmrpuzwi,other
wognyts,other
gjhhavd,other
zhwcpf,project
qiovk,project
vamvo,course
hezwgs,other
dkgpnac,other
beoczxhp,other
plnsnh,other
omfea,course
ygycaic,student
mmizx,project
tvmqpm,other
rtdiyzd,other
mabprrc,faculty
jxiite,other
kjnmoil,other
rioljwtj,other
umaqs,other
wbuul,student
pbmbnsmg,other
enikcsv,other
whatoka,faculty
bzavavce,other
oarjpfa,other
rpwonk,course
iypszquv,other
beveykcq,other
uqvegan,course
spvpn,faculty
obdwbbir,faculty
qygqm,other
ewwcso,faculty
utthj,other
xlobzd,course
qbqrkpx,other
niiskl,other
oujqzhsy,other
xzgww,other
ixslka,other
mqfpyvdb,other
yzvdbvgg,faculty
ijkhegq,student
lhyku,other
jjtlz,other
smtqfu,other
ftipfpcv,other
oosiq,student
voaecend,course
iczwhz,student
empwxl,other
zzszho,student
qqpjjl,other
wkkwq,other
rvwffq,course
sbswsnik,other
njesic,course
xjdbg,department
asani,course
bvnniatg,other
pkvviu,other
yiltpbly,faculty
kegru,student
iuxnok,other
exiitk,other
pwrwosjh,course
ifclx,faculty
uvqtpm,student
mvjyf,other
eyxtv,faculty
rfdzm,project
txetad,course
evwphope,project
wzmiky,student
gxqadkgw,other
wdvxr,course
yruomuus,other
bpxla,project
ctfljg,faculty
brwup,student
stfrgd,course
xrceqcgi,course
lzybo,project
fnqkojm,course
macjz,faculty
xvzmwpsh,other
vxwschv,other
psenda,other
quyjp,course
nsixfrwy,student
mmigvvwa,student
vircjd,faculty
myzizsmt,other
wkgyykz,other
fppga,other
piepnnef,other
xmpmap,other
scoqtrpn,student
kucnbni,faculty
rqbxxl,course
mxrcuqy,course
fqealu,other
rbzxmg,other
gtchjnzw,faculty
zcjqp,student
tslgebal,faculty
wxlsfqdf,project
riagwy,other
dyruktbc,other
uvtdgfti,staff
tclywy,other
anjxcrs,faculty
cenlf,student
klzplzo,course
rpukwtef,other
deopslyp,student
woiup,other
elgcpgx,other
xyiafjk,course
gwytgt,department
kbwcx,other
plkwghja,other
jwawqn,student
lxgov,student
pcunh,other
igswa,course
hrojordm,other
wmwvatnb,faculty
bondtsrh,other
aagelci,other
twzqsn,student
cqzxj,other
igamsti,course
gtwhcjns,other
gjtxqp,other
moesglp,project
srkhiapm,course
tclbku,faculty
vvzcwkr,course
qgxpftrc,course
dkzacj,student
ponim,other
egqhoaq,faculty
tnjlwzwb,student
brorn,other
ntrfeys,project
hvmsfmtn,faculty
mnrzhw,other
tqqlff,course
mvhtl,department
lhmqz,course
uxdouy,course
kzhkaelo,student
juealsvj,other
vdxpzkfl,other
wuafx,other
hrshysyc,faculty
ulfyinpd,other
thpiz,student
tnuwsmd,other
ctshqqfo,other
pxkrm,other
xyksfzpt,other
kbjsadwd,other
vtcrtk,project
duhyq,project
phbez,course
rnosomvv,student
xdwwn,student
fhayg,faculty
kofrfx,other
jjvpn,faculty
pdkbg,other
mfpqw,student
iryynwmk,other
ggozukjr,other
eoohbumy,other
scldtmm,course
jewrlbk,other
sdaedo,faculty
urpxexkq,faculty
gazyznk,faculty
dsvfsknw,project
xtkmljpb,other
qhaov,other
vlpbgmh,student
qolyb,course
shorc,other
xyqlp,other
tjcyiuy,other
pytglao,other
cdhwa,other
tqofkoq,other
vgdjl,project
szclqg,other
qovhvrh,other
pnblr,student
oikri,other
fromyknh,other
eicecdq,faculty
vjaghhtu,other
qmosutu,other
lxnadu,student
thjpmdp,project
lfzwtjn,department
icptqhh,other
crbexe,other
wuptba,other
uqrfyv,other
cjnrzzmk,course
bdptkaio,student
fmqwylsg,student
ugcynhdy,other
sbdvyks,other
wjwnoa,course
vougrt,other
cbuuznl,project
dmxjlh,faculty
bphhvc,other
ifhyt,student
lwhudcyk,faculty
yzqkk,student
ywosgix,course
dyzbzmd,student
gurvox,project
kspcm,course
exatc,student
jdscdzrq,other
rmxyhbk,course
jfdjl,student
pobhzrg,faculty
lxvgk,course
mbfpm,other
ojpivf,department
gbvqwbe,student
nodjvh,student
spksfaj,student
dfuhpn,other
vyxyw,other
qbbtusu,other
nyqbs,other
dupnrc,other
kaqaica,student
xbywiofb,other
zxmmn,other
bhkvqidu,course
hxncig,faculty
cxvkh,faculty
yckusfqv,student
wjikmk,student
lftxjvs,other
qysqqr,faculty
kcogomz,other
rjukv,student
xquntnm,department
ibnqs,other
elsgfepj,other
fzyjwl,student
orhfuocp,other
bypmk,other
scbezdx,other
ijsqaud,other
yywthxme,project
bulvw,student
mzajvh,other
ahomx,faculty
lswtmup,faculty
nqhxy,other
gxdcpwo,faculty
mphlxz,project
ryzxu,other
okjyrnjo,faculty
ovtoilww,other
snldrfht,project
wupxmuix,other
mqxwc,other
uhuwvfkk,other
ciwmb,project
pyiphyg,staff
zlvjh,other
lclvhfy,other
wqydh,other
cqksepwt,other
dmiti,student
gwnono,faculty
wzbokx,faculty
dxwljzj,project
rthigud,student
btpdso,faculty
kxckdvl,other
uuzjjep,student
fuxozggi,other
dxratuv,department
junlpo,student
fhszf,other
wuuif,student
dcidctu,faculty
bdwiu,other
nefxpthf,student
ryvuha,faculty
xbczrmz,other
vplyymbb,other
cketrvj,other
lxqvv,student
ywpbst,other
gfpmjx,faculty
jlkbszx,department
kqghrpia,other
aigkvvw,student
smkcife,faculty
ixfhz,other
wbqkmk,faculty
umqzp,faculty
tbugr,student
aimch,student
sorah,project
umhdmc,staff
pfhqfrd,course
ezpaic,other
iwwwqw,faculty
zupzrry,other
